date,X1,Y,X3,X4,X6,X7,X8,X9,X10,X11,X12
2014-04-07,0.0,0.0,0.0,0.0,0.0,0.0,0.0,0.0,0.0,0.0,0.0
2014-04-11,0.0,310.376,96.876,277.278,1.21599,33.098,10.48,33.072,0.0,0.0,0.0
2014-04-12,0.0,303.501,96.923,281.447,3.08702,22.053,8.704,22.053,0.0,0.0,0.0
2014-04-13,0.0,303.535,96.959,276.032,1.96237,27.503,9.423,16.163,0.0,0.0,0.0
2014-04-14,0.0,303.782,96.969,282.7870000000001,0.0,20.996,8.131,20.737,0.0,0.0,0.0
2014-04-15,0.0,303.858,97.021,289.941,31.14186,13.918,8.498,12.182,0.0,0.0,0.0
2014-04-16,0.0,303.7920000000001,97.066,299.672,0.0,4.12,8.821,1.49,0.0,0.0,0.0
2014-04-17,0.0,304.335,96.919,282.901,41.23599,21.434,8.854,18.795,0.0,0.0,0.0
2014-04-18,0.0,304.849,96.72,273.701,0.0,31.148000000000003,9.64,28.503,0.0,0.0,0.0
2014-04-19,0.0,305.371,96.616,259.62,0.43686,45.752,9.639,43.157,0.0,0.0,0.0
2014-04-20,0.0,313.871,96.56,282.814,0.45428,31.056,9.62,28.484,0.0,0.0,0.0
2014-04-21,11.5,301.376,102.676,204.795,20.98975,96.58,19.197,69.77600000000001,0.0,0.0,0.0
2014-04-22,24.0,289.421,106.353,182.05900000000003,43.34345,107.362,37.939,78.935,631.0,90439.0,0.0
2014-04-23,24.0,270.24,107.644,171.053,47.16752,99.187,60.757,70.627,1166.0,165720.0,0.0
2014-04-24,24.0,262.843,107.869,168.24200000000005,47.73231,94.601,63.047,66.04899999999999,1550.0,221707.0,0.0
2014-04-25,24.0,255.527,107.971,165.53900000000004,48.53377,89.988,64.547,61.405,1249.0,178064.0,0.0
2014-04-26,24.0,247.199,108.052,162.422,49.8445,84.777,65.72399999999999,56.148,1346.0,192602.0,0.0
2014-04-27,24.0,240.736,108.054,159.899,50.29698,80.837,66.934,52.202,1350.0,194496.0,0.0
2014-04-28,24.0,235.021,108.042,157.683,50.73588,77.33800000000002,67.848,48.708,1346.0,192900.0,0.0
2014-04-29,24.0,232.74400000000003,107.988,156.795,50.11392,75.949,65.707,47.37600000000001,1279.0,184900.0,0.0
2014-04-30,24.0,233.298,107.893,157.179,48.92679,76.118,62.79600000000001,47.611,1226.0,177108.0,0.0
2014-05-01,24.0,231.08900000000003,107.877,156.399,48.93863,74.69,62.377,46.19600000000001,1213.0,174609.0,0.0
2014-05-02,24.0,231.419,107.817,156.69,48.3037,74.729,60.747,46.15,1074.0,154871.0,0.0
2014-05-03,24.0,230.766,107.795,156.606,48.1735,74.16,60.628,45.733,1044.0,147930.0,0.0
2014-05-04,24.0,230.596,107.764,156.688,47.46609,73.908,58.279,45.49100000000001,970.0,139378.0,0.0
2014-05-05,24.0,229.424,107.78,156.429,47.84002,72.994,54.905,44.549,946.0,136980.0,0.0
2014-05-06,24.0,225.902,107.86,154.951,49.00558,70.952,58.883,42.45,1003.0,144950.0,0.0
2014-05-07,24.0,225.768,107.838,155.059,47.9204,70.71,57.426,42.049,925.0,135000.0,0.0
2014-05-08,24.0,225.687,107.821,155.142,47.29695,70.545,57.65600000000001,41.159,914.0,127565.0,0.0
2014-05-09,13.83,227.798,107.599,156.852,29.13359,70.946,55.955,41.745,177.0,24323.0,0.0
2014-05-10,24.0,226.061,107.684,155.165,48.13438,70.896,57.374,41.905,944.0,52163.0,0.0
2014-05-11,24.0,225.097,107.836,155.162,47.49389,69.935,58.024,41.483,823.0,117732.0,0.0
2014-05-12,24.0,226.023,107.772,155.797,46.93359,70.226,56.885,41.807,769.0,111238.0,0.0
2014-05-13,24.0,226.905,107.717,156.577,46.3352,70.328,54.255,41.926,741.0,107144.0,0.0
2014-05-14,24.0,225.576,107.741,156.204,45.16209,69.372,54.995,40.981,713.0,102881.0,0.0
2014-05-15,24.0,225.893,107.709,156.826,46.31644,69.067,48.598,40.651,744.0,106745.0,0.0
2014-05-16,24.0,225.701,107.71,157.108,46.34614000000001,68.593,48.378,40.13800000000001,736.0,104864.0,0.0
2014-05-17,24.0,223.603,107.778,156.346,47.08721,67.256,53.92100000000001,38.84,783.0,110078.0,0.0
2014-05-18,24.0,220.102,107.889,154.695,47.76981,65.407,53.832,36.99,835.0,117388.0,0.0
2014-05-19,24.0,220.49,107.86,155.17600000000004,47.13595,65.314,55.754,36.906,789.0,109517.0,0.0
2014-05-20,24.0,220.154,107.859,155.238,47.14247,64.916,55.628,36.509,783.0,109362.0,0.0
2014-05-21,24.0,220.066,107.851,155.375,46.52459,64.691,52.236,36.281,744.0,104993.0,0.0
2014-05-22,24.0,219.983,107.852,155.547,46.289,64.436,53.661,36.019,735.0,107116.0,0.0
2014-05-23,24.0,219.863,107.867,155.572,46.28423,64.291,49.053,35.87300000000001,743.0,108079.0,93.0
2014-05-24,24.0,219.923,107.883,155.753,46.24216,64.17,54.691,35.751,747.0,108387.0,100.0
2014-05-25,24.0,219.977,107.903,155.904,46.26168,64.07300000000001,55.231,35.671,751.0,105810.0,101.0
2014-05-26,24.0,219.974,107.921,156.043,46.26511,63.93,55.103,35.529,727.0,106514.0,87.0
2014-05-27,24.0,219.98,107.936,156.243,46.22633,63.737,55.31100000000001,35.335,716.0,105800.0,91.0
2014-05-28,24.0,219.267,107.445,155.716,46.215,63.551,55.508,35.155,695.0,102250.0,77.0
2014-05-29,24.0,220.007,107.962,156.549,46.21506,63.458,56.17100000000001,35.052,699.0,102824.0,77.0
2014-05-30,24.0,220.0,107.974,156.665,46.23157,63.335,55.852,34.924,704.0,103978.0,78.0
2014-05-31,24.0,219.99400000000003,107.985,156.783,46.2074,63.21,55.596,34.793,716.0,105761.0,79.0
2014-06-01,24.0,220.006,107.994,156.864,46.26479000000001,63.142,55.963,34.726,724.0,107036.0,80.0
2014-06-02,22.0,221.328,107.825,157.53799999999995,41.7134,63.79,50.774,35.352,460.0,68263.0,46.0
2014-06-03,24.0,220.24,107.965,157.868,46.19319,62.37300000000001,53.047,33.947,715.0,104866.0,81.0
2014-06-04,24.0,221.268,107.961,159.451,46.15731,61.817,53.736,33.387,707.0,104234.0,80.0
2014-06-05,24.0,221.045,107.973,158.75799999999995,47.04157,62.286,54.245,33.842,677.0,99517.0,91.0
2014-06-06,24.0,220.75,107.987,157.674,47.2027,63.076,56.534,34.646,690.0,99850.0,92.0
2014-06-07,24.0,220.64,107.994,157.278,47.19411,63.362,56.615,34.934,694.0,100306.0,92.0
2014-06-08,24.0,220.504,108.003,157.185,47.15202,63.319,52.051,34.892,691.0,99959.0,91.0
2014-06-09,19.5,221.451,107.757,159.113,38.97891,62.337,53.559,34.67,238.0,34916.0,28.0
2014-06-10,24.0,220.852,107.991,158.075,46.51253,62.777,54.486,34.352,647.0,95262.0,85.0
2014-06-11,24.0,218.415,108.065,156.685,47.81521,61.73,54.295,33.314,746.0,108793.0,94.0
2014-06-12,24.0,215.497,108.139,155.559,48.72777,59.938,61.56100000000001,31.529,805.0,116555.0,102.0
2014-06-13,24.0,214.823,108.135,154.685,48.26392,60.13800000000001,62.327,31.739,819.0,120308.0,57.0
2014-06-14,24.0,215.833,108.105,155.59799999999996,48.00591,60.235,59.584,31.836,781.0,115374.0,54.0
2014-06-15,24.0,214.877,108.114,154.958,48.04032,59.92,60.774,31.544,786.0,116058.0,55.0
2014-06-16,24.0,215.381,108.088,155.333,47.74037,60.048,59.445,31.671,757.0,111153.0,52.0
2014-06-17,24.0,216.11900000000003,108.067,155.97799999999995,47.62397,60.14,58.607,31.763,727.0,107051.0,51.0
2014-06-18,24.0,215.984,108.066,156.197,47.63986,59.787,58.662,31.4,724.0,106457.0,51.0
2014-06-19,24.0,215.818,108.066,156.378,47.60717,59.44,57.55,31.053,715.0,105828.0,53.0
2014-06-20,24.0,215.579,108.073,156.488,47.58517,59.091,58.44600000000001,30.704,711.0,104861.0,51.0
2014-06-21,24.0,215.304,108.079,156.599,47.6112,58.705,58.703,30.313,708.0,104156.0,50.0
2014-06-22,24.0,214.949,108.085,156.713,47.61982,58.236,58.418,29.846,703.0,102418.0,52.0
2014-06-23,24.0,214.858,108.087,157.394,47.65973,57.464,57.883,28.78,696.0,102285.0,52.0
2014-06-24,24.0,214.897,108.08,157.989,47.62792,56.908,57.35,28.519,658.0,96652.0,95.0
2014-06-25,24.0,214.822,108.084,157.947,46.56755,56.875,58.007,28.477,576.0,85082.0,79.0
2014-06-26,16.58,219.55900000000003,107.447,158.58100000000005,44.0,60.978,49.152,35.123000000000005,370.0,55420.0,51.0
2014-06-27,23.83,217.252,107.635,162.789,44.3751,54.462,50.511,26.032,418.0,63214.0,59.0
2014-06-28,24.0,215.093,108.078,160.766,47.05341,54.327,55.688,25.903,589.0,88193.0,92.0
2014-06-29,24.0,215.259,108.099,160.197,46.83166,55.062,55.97,26.646,572.0,85616.0,82.0
2014-06-30,24.0,215.351,108.108,160.21200000000005,45.82783,55.139,56.006,26.727,513.0,76979.0,71.0
2014-07-01,24.0,215.385,108.114,160.417,46.78696,54.967,56.254,26.555,563.0,84308.0,79.0
2014-07-02,24.0,215.407,108.119,160.599,46.79973,54.808,51.652,26.39,564.0,84365.0,79.0
2014-07-03,24.0,215.332,108.124,160.782,46.80369,54.551,50.82100000000001,26.132,565.0,84351.0,79.0
2014-07-04,24.0,215.211,108.129,161.101,46.84702,54.111,51.418,25.676,564.0,84183.0,80.0
2014-07-05,24.0,215.11900000000003,108.132,161.484,46.85599000000001,53.635,54.232,25.201,563.0,83870.0,80.0
2014-07-06,24.0,215.067,108.134,161.97299999999996,46.86472,53.094,56.636,24.659,563.0,83854.0,80.0
2014-07-07,24.0,215.07,108.136,162.407,46.82457,52.663,54.966,24.234,522.0,77847.0,154.0
2014-07-08,24.0,215.047,108.139,163.023,46.80372,52.024,57.485,23.586,523.0,77885.0,247.0
2014-07-09,24.0,215.136,108.14,163.889,46.80708,51.247,56.12300000000001,22.798,522.0,77859.0,247.0
2014-07-10,24.0,215.165,108.143,164.233,46.79164,50.932,57.489,22.48,490.0,73241.0,213.0
2014-07-11,24.0,215.188,108.144,164.696,46.78773,50.492,56.119,22.038,492.0,72895.0,253.0
2014-07-12,24.0,215.46400000000003,108.142,165.92700000000005,46.85941,49.536,56.633,21.08,488.0,72637.0,204.0
2014-07-13,24.0,215.759,108.134,166.743,46.80047,49.01600000000001,57.20399999999999,20.54,482.0,71515.0,200.0
2014-07-14,24.0,215.977,108.121,167.412,47.00266,48.565,56.775,20.102,492.0,73096.0,215.0
2014-07-15,24.0,215.051,108.145,166.18900000000005,47.88536,48.862,56.395,20.38,476.0,70443.0,247.0
2014-07-16,24.0,214.827,108.15,166.342,47.76055,48.486,56.418,20.016,466.0,69327.0,244.0
2014-07-17,24.0,214.761,108.151,166.585,47.7135,48.176,55.027,19.707,464.0,68817.0,242.0
2014-07-18,24.0,214.923,108.148,167.47400000000005,47.69517000000001,47.449,58.937,19.009,459.0,68361.0,241.0
2014-07-19,24.0,215.035,108.147,167.639,47.68624000000001,47.396,58.307,18.922,458.0,68466.0,241.0
2014-07-20,22.42,216.045,108.021,168.827,43.93395,47.218,55.548,18.539,291.0,44919.0,139.0
2014-07-21,24.0,215.112,108.142,170.3,47.97656,44.812,56.69600000000001,16.288,487.0,72966.0,256.0
2014-07-22,24.0,215.062,108.176,168.71599999999995,47.70091,46.346,58.756,17.868,469.0,69274.0,242.0
2014-07-23,24.0,215.205,108.182,169.048,47.71833,46.157,58.985,17.680999999999994,465.0,69891.0,240.0
2014-07-24,24.0,215.378,108.182,169.28099999999995,47.63336,46.097,59.719,17.614,467.0,69743.0,232.0
2014-07-25,24.0,215.526,108.183,169.771,47.65598,45.756,59.467,17.269000000000002,464.0,69237.0,233.0
2014-07-26,24.0,215.614,108.183,170.112,47.60958,45.50100000000001,60.039,17.047,459.0,68831.0,252.0
2014-07-27,24.0,215.844,108.183,170.957,47.59103,44.887,58.89100000000001,16.437,461.0,68638.0,260.0
2014-07-28,24.0,216.087,108.183,171.445,47.60245,44.642,59.252,16.195,458.0,68331.0,245.0
2014-07-29,24.0,215.966,108.191,171.36700000000005,48.1316,44.598,56.664,16.151,482.0,71885.0,259.0
2014-07-30,24.0,214.626,108.233,169.636,48.71677,44.99,57.165,16.522000000000002,489.0,72278.0,243.0
2014-07-31,24.0,215.092,108.22,171.845,48.71789,43.247,58.959,14.725,376.0,56055.0,218.0
2014-08-01,24.0,215.027,108.221,171.356,48.72132,43.67100000000001,59.044,15.15,378.0,56399.0,218.0
2014-08-02,24.0,215.155,108.217,172.016,48.70453,43.139,58.063,14.605,379.0,56290.0,218.0
2014-08-03,24.0,215.13,108.217,171.87900000000005,48.69856,43.25100000000001,57.608,14.744000000000002,377.0,56569.0,213.0
2014-08-04,24.0,212.895,108.262,168.859,49.53814000000001,44.036,56.583,15.518,418.0,61912.0,228.0
2014-08-05,24.0,210.167,108.325,166.75799999999995,49.63278,43.409,63.583,14.913,508.0,75078.0,262.0
2014-08-06,24.0,209.823,108.321,167.206,49.59429,42.617,62.685,14.108,470.0,69713.0,253.0
2014-08-07,24.0,210.094,108.307,169.043,50.19488,41.051,60.702,12.535,521.0,77391.0,294.0
2014-08-08,24.0,210.18400000000003,108.297,169.81900000000005,50.21089,40.365,62.56,11.838,518.0,76995.0,297.0
2014-08-09,24.0,210.545,108.283,170.39700000000005,49.9463,40.148,58.14,11.606,493.0,73657.0,290.0
2014-08-10,24.0,210.631,108.281,170.858,50.23923,39.773,56.231,11.219,509.0,76002.0,303.0
2014-08-11,24.0,213.448,108.171,176.09799999999996,49.43711,37.35,50.724,8.751,352.0,52975.0,241.0
2014-08-12,24.0,215.506,108.138,178.412,48.82824,37.094,44.267,8.482000000000001,287.0,44830.0,240.0
2014-08-13,24.0,215.895,108.159,178.003,48.57821,37.892,50.89,9.291,279.0,44300.0,235.0
2014-08-14,24.0,215.855,108.189,177.023,48.49824,38.832,56.831,10.254,297.0,47071.0,249.0
2014-08-15,24.0,215.777,108.204,176.233,48.4718,39.543,57.32899999999999,10.978,297.0,46462.0,248.0
2014-08-16,24.0,216.002,108.202,176.635,48.47927,39.366,52.846,10.796,296.0,44219.0,247.0
2014-08-17,24.0,216.016,108.211,176.17700000000005,48.47286,39.839,53.758,11.259,296.0,44243.0,247.0
2014-08-18,24.0,216.082,108.215,176.08,48.44686,40.001,57.06399999999999,11.427,293.0,44083.0,247.0
2014-08-19,0.99,217.065,108.215,176.476,15.61403,40.589,56.849,12.717,0.0,0.0,0.0
2014-08-20,0.0,242.944,103.647,242.378,0.51505,0.5660000000000001,15.363,0.5660000000000001,0.0,0.0,0.0
2014-08-21,0.0,234.107,104.129,233.521,0.5360199999999999,0.586,19.296,0.586,0.0,0.0,0.0
2014-08-22,0.0,234.107,104.129,233.521,0.5360199999999999,0.586,19.296,0.586,0.0,0.0,0.0
2014-08-23,0.0,234.107,104.129,233.521,0.5360199999999999,0.586,19.296,0.586,0.0,0.0,0.0
2014-08-24,0.0,234.107,104.129,233.521,0.5360199999999999,0.586,19.296,0.586,0.0,0.0,0.0
2014-08-25,0.0,266.286,101.806,205.786,0.5051899999999999,60.499,21.192,60.499,0.0,0.0,0.0
2014-08-26,0.0,268.533,101.253,188.69,0.52745,79.843,18.682,79.843,0.0,0.0,0.0
2014-08-27,0.0,271.096,101.206,190.031,0.51857,81.065,18.273,81.065,0.0,0.0,0.0
2014-08-28,0.0,266.151,98.061,184.237,0.50971,81.914,17.432000000000002,81.914,0.0,0.0,0.0
2014-08-29,0.0,276.538,101.183,195.21400000000003,0.49239,81.324,15.927,81.324,0.0,0.0,0.0
2014-08-30,0.0,279.004,101.128,196.735,0.47928,82.26899999999998,15.532,82.26899999999998,0.0,0.0,0.0
2014-08-31,0.0,281.008,101.032,207.12,0.49207,73.889,16.726,73.889,0.0,0.0,0.0
2014-09-01,0.0,282.916,100.949,232.018,0.5062300000000001,50.898,15.534,50.894,0.0,0.0,0.0
2014-09-02,3.88,284.441,100.737,243.636,3.73434,40.805,20.768,35.651,0.0,0.0,0.0
2014-09-03,19.17,248.024,106.953,205.834,40.66991,42.19,46.49,13.352,104.0,16926.0,74.0
2014-09-04,24.0,237.287,107.37,208.8,61.08916,28.487,53.783,2.371,290.0,46376.0,537.0
2014-09-05,24.0,223.51,108.49,184.59,53.05112,38.92,66.292,10.308,428.0,69487.0,344.0
2014-09-06,24.0,225.251,108.443,181.588,49.88744000000001,43.664,64.888,15.084,423.0,68818.0,342.0
2014-09-07,24.0,225.938,108.428,181.002,49.63413,44.937,60.68600000000001,16.368,412.0,67226.0,337.0
2014-09-08,24.0,224.929,108.435,179.58,49.46683,45.349,62.91,16.791,411.0,66847.0,337.0
2014-09-09,24.0,224.676,108.408,179.137,49.47164,45.539,61.993,16.993,409.0,66355.0,334.0
2014-09-10,24.0,224.654,108.388,179.21599999999995,48.69733,45.438,62.495,16.898,390.0,63293.0,315.0
2014-09-11,24.0,225.961,108.339,180.898,48.65349000000001,45.063,57.543,16.516,380.0,60995.0,327.0
2014-09-12,24.0,225.609,108.329,180.727,48.61656,44.882,56.713,16.342,391.0,57082.0,325.0
2014-09-13,24.0,225.3,108.32,180.798,48.64684000000001,44.502,58.731,15.959,392.0,57123.0,329.0
2014-09-14,24.0,225.149,108.315,181.192,48.62198,43.957,60.817,15.414,384.0,56615.0,323.0
2014-09-15,24.0,224.943,108.308,181.296,48.62278,43.647,59.245,15.093,342.0,50991.0,291.0
2014-09-16,24.0,224.805,108.301,181.513,48.62732000000001,43.292,58.169,14.624,339.0,50947.0,291.0
2014-09-17,24.0,224.625,108.298,181.71400000000003,48.64232,42.911,58.464,14.323,345.0,51928.0,297.0
2014-09-18,24.0,224.549,108.29,181.972,48.6447,42.577,58.858,14.005999999999998,334.0,49758.0,305.0
2014-09-19,24.0,224.55900000000003,108.282,182.302,48.6,42.257,59.273,13.685,330.0,49602.0,302.0
2014-09-20,24.0,221.863,108.331,179.487,49.14886,42.37600000000001,60.525,13.812,358.0,53618.0,320.0
2014-09-21,24.0,219.555,108.391,177.669,49.4,41.886,61.651,13.337,378.0,56787.0,333.0
2014-09-22,24.0,219.888,108.362,178.452,49.3,41.43600000000001,61.077,12.88,357.0,53587.0,332.0
2014-09-23,24.0,219.715,108.354,178.643,49.18709000000001,41.072,58.684,12.505,354.0,53316.0,328.0
2014-09-24,24.0,219.833,108.346,179.37599999999995,49.1631,40.457,58.965,11.879,339.0,51385.0,318.0
2014-09-25,24.0,220.009,108.335,179.998,49.1295,40.011,55.705,11.421,325.0,49352.0,324.0
2014-09-26,24.0,219.967,108.331,180.194,49.13849,39.773,54.606,11.186,325.0,49388.0,322.0
2014-09-27,24.0,219.897,108.327,180.229,49.13247,39.668,53.283,11.088,322.0,49246.0,323.0
2014-09-28,23.09,220.042,108.321,180.668,49.014,39.374,53.805,10.845999999999998,308.0,47051.0,308.0
2014-09-29,0.0,243.074,105.065,238.816,6.59247,4.257,28.166,0.276,0.0,0.0,0.0
2014-09-30,8.17,241.919,105.526,199.357,14.40704,42.562,27.725,22.4,0.0,0.0,0.0
2014-10-01,24.0,226.032,107.481,217.957,53.67235,8.076,52.413,2.637,55.0,8962.0,142.0
2014-10-02,24.0,211.873,108.502,180.979,58.42784,30.894,58.723,4.508,199.0,31731.0,308.0
2014-10-03,24.0,221.135,108.404,186.136,51.8747,34.999,51.46100000000001,5.625,275.0,43001.0,455.0
2014-10-04,24.0,219.88,108.432,183.169,50.89766,36.712,57.57899999999999,8.099,288.0,44101.0,460.0
2014-10-05,24.0,219.474,108.438,181.851,50.54632,37.624,57.28,8.98,323.0,49501.0,353.0
2014-10-06,24.0,220.902,108.399,183.041,50.20832,37.86,57.765,9.254,315.0,48233.0,344.0
2014-10-07,24.0,220.653,108.402,182.437,50.43002,38.216,55.118,9.605,322.0,48181.0,335.0
2014-10-08,24.0,220.669,108.396,182.385,50.49318,38.284,53.302,9.667,320.0,49975.0,345.0
2014-10-09,24.0,220.467,108.396,182.139,50.45315,38.329,53.2,9.703,326.0,50479.0,344.0
2014-10-10,24.0,220.178,108.394,181.798,50.4097,38.379,53.76600000000001,9.77,329.0,50894.0,327.0
2014-10-11,24.0,220.156,108.388,181.931,50.3959,38.225,52.715,9.625,325.0,50158.0,326.0
2014-10-12,24.0,220.145,108.382,182.067,50.37768,38.079,56.232,9.479,323.0,49865.0,326.0
2014-10-13,24.0,220.325,108.373,182.512,50.36087,37.813,60.762,9.215,321.0,49604.0,336.0
2014-10-14,24.0,220.439,108.367,182.79,50.36302,37.649,60.45,9.05,320.0,49572.0,338.0
2014-10-15,24.0,220.219,108.368,182.553,50.46712,37.666,60.618,9.064,323.0,49750.0,336.0
2014-10-16,24.0,220.012,108.371,182.428,50.56329,37.584,59.252,8.979,322.0,49653.0,332.0
2014-10-17,24.0,220.213,108.363,182.852,50.55873,37.361,59.519,8.755,321.0,49635.0,331.0
2014-10-18,24.0,220.225,108.36,182.91,50.47798,37.316,54.294,8.701,321.0,49749.0,329.0
2014-10-19,24.0,220.223,108.358,183.09,50.51979,37.133,50.17,8.508,323.0,50071.0,329.0
2014-10-20,24.0,220.721,108.347,184.363,50.8639,36.358,56.087,7.729,327.0,50700.0,335.0
2014-10-21,24.0,220.412,108.351,183.592,50.91154,36.82,55.688,8.183,316.0,48562.0,330.0
2014-10-22,24.0,220.624,108.345,183.944,50.84929,36.679,55.688,8.059,314.0,48495.0,335.0
2014-10-23,24.0,220.618,108.344,183.888,50.81898,36.73,49.988,8.11,314.0,48623.0,330.0
2014-10-24,24.0,220.745,108.341,184.094,50.77311,36.65,50.37,8.027000000000001,314.0,48609.0,332.0
2014-10-25,24.0,220.862,108.338,184.273,50.78376,36.589,48.38399999999999,7.959,317.0,49209.0,334.0
2014-10-26,24.0,220.958,108.336,184.404,50.8004,36.554,47.288,7.917999999999998,333.0,51385.0,336.0
2014-10-27,24.0,219.96400000000003,108.36,182.967,50.7788,36.997,53.303,8.443999999999999,318.0,49191.0,333.0
2014-10-28,24.0,219.961,108.364,183.295,50.49807,36.666,53.394,8.209,315.0,48599.0,325.0
2014-10-29,24.0,220.718,108.345,184.641,50.49862,36.077,59.315,7.609,304.0,46729.0,320.0
2014-10-30,24.0,221.12,108.333,185.252,51.03952,35.868,57.79600000000001,7.245,318.0,48777.0,331.0
2014-10-31,24.0,219.495,108.372,182.653,51.30979,36.842,58.456,8.234,323.0,50070.0,330.0
2014-11-01,24.0,219.785,108.362,183.329,50.91824,36.455,51.984,7.832999999999998,317.0,49048.0,324.0
2014-11-02,24.0,220.066,108.353,183.84,50.90594,36.225,50.972,7.587999999999999,321.0,49772.0,330.0
2014-11-03,24.0,220.343,108.345,184.315,50.93085,36.028,54.662,7.38,295.0,45686.0,328.0
2014-11-04,24.0,220.487,108.341,184.594,50.89229,35.892,58.738,7.242000000000001,291.0,45094.0,305.0
2014-11-05,24.0,221.788,108.303,186.691,51.13204,35.096,58.07899999999999,6.4460000000000015,288.0,44832.0,307.0
2014-11-06,24.0,221.686,108.294,186.544,51.63975,35.142,54.915,6.485,292.0,45410.0,310.0
2014-11-07,24.0,220.011,108.358,183.528,50.84322,36.483,56.356,7.916,293.0,45241.0,303.0
2014-11-08,24.0,219.993,108.357,183.717,50.80817,36.276,53.551,7.8210000000000015,292.0,45657.0,322.0
2014-11-09,24.0,220.479,108.343,184.67,50.80079,35.81,53.341,7.39,290.0,45639.0,326.0
2014-11-10,24.0,222.466,108.289,188.077,51.7,34.39,54.089,5.837999999999999,283.0,46088.0,324.0
2014-11-11,24.0,219.979,108.352,183.488,51.69625,36.491,60.338,8.044,295.0,46629.0,332.0
2014-11-12,24.0,219.18400000000003,108.379,182.74,51.63631,36.444,59.227,7.997000000000001,295.0,46218.0,318.0
2014-11-13,24.0,220.275,108.35,184.883,51.60535,35.392,58.757,6.955,291.0,45666.0,312.0
2014-11-14,24.0,220.879,108.328,185.65,51.5844,35.229,58.249,6.792000000000002,290.0,45494.0,312.0
2014-11-15,24.0,220.069,108.353,184.409,51.59682,35.66,57.996,7.22,293.0,45840.0,311.0
2014-11-16,24.0,221.136,108.32,186.351,52.04163,34.785,56.50100000000001,6.347,293.0,45756.0,319.0
2014-11-17,24.0,222.146,108.28,188.302,52.62031999999999,33.844,56.004,5.412000000000001,293.0,45039.0,330.0
2014-11-18,24.0,220.412,108.351,184.329,50.94922,36.082,59.361,7.655,289.0,44152.0,313.0
2014-11-19,24.0,221.504,108.309,186.181,50.93181,35.323,58.972,6.896,282.0,43107.0,306.0
2014-11-20,24.0,220.0,108.343,183.561,50.94328,36.438,60.767,8.017000000000001,285.0,43755.0,303.0
2014-11-21,24.0,220.101,108.332,184.113,50.92782,35.988,59.959,7.572,284.0,43676.0,301.0
2014-11-22,24.0,219.919,108.327,183.985,50.92714,35.934,57.612,7.5070000000000014,283.0,43477.0,300.0
2014-11-23,24.0,221.057,108.185,186.408,50.84676,34.649,56.576,6.222,273.0,42663.0,299.0
2014-11-24,15.78,229.95,107.679,201.569,26.5295,28.38,45.77,9.3,0.0,0.0,0.0
2014-11-25,0.0,244.406,104.076,195.3,0.0,49.105,13.758,48.356,0.0,0.0,0.0
2014-11-26,0.0,246.393,102.491,177.736,0.26037,68.657,11.027,68.107,0.0,0.0,0.0
2014-11-27,0.0,252.373,102.35,245.195,7.32565,7.178,9.218,6.763,0.0,0.0,0.0
2014-11-28,0.0,264.578,102.348,218.7,0.04934,45.878,9.076,45.828,0.0,0.0,0.0
2014-11-29,0.0,268.789,102.093,187.634,0.04686,81.154,7.862,81.105,0.0,0.0,0.0
2014-11-30,12.0,247.358,105.829,208.736,35.11649,38.622,34.168,32.537,1.0,251.0,1.0
2014-12-01,13.5,255.41,105.648,248.866,56.64421,6.545,20.873,2.258,120.0,25857.0,183.0
2014-12-02,0.0,261.053,102.63,223.608,0.27908,37.445,8.786,34.711,0.0,0.0,0.0
2014-12-03,0.0,262.684,101.829,212.273,0.25867,50.411,9.589,47.76,0.0,0.0,0.0
2014-12-04,0.0,264.249,102.946,200.719,9.27,63.53100000000001,17.124000000000002,56.035,0.0,0.0,0.0
2014-12-05,14.0,257.446,107.889,183.661,27.03221,73.785,58.496,44.432,0.0,0.0,0.0
2014-12-06,0.0,269.998,103.164,262.232,0.02195,7.766,11.209,1.955,0.0,0.0,0.0
2014-12-07,0.0,275.952,102.406,275.88,0.02231,0.072,8.849,5.506,0.0,0.0,0.0
2014-12-08,0.0,278.687,102.05,278.528,0.0245,0.159,8.047,9.79,0.0,0.0,0.0
2014-12-09,0.0,281.008,101.824,280.746,0.0122,0.262,7.7879999999999985,17.717,0.0,0.0,0.0
2014-12-10,0.0,283.097,101.656,282.636,0.00667,0.461,7.021,17.383,0.0,0.0,0.0
2014-12-11,0.0,285.061,101.521,284.5420000000001,0.01673,0.519,5.452000000000001,17.151,0.0,0.0,0.0
2014-12-12,0.0,286.896,101.409,286.325,0.01967,0.57,5.858,17.035999999999998,0.0,0.0,0.0
2014-12-13,0.0,288.623,101.31,288.012,0.0301,0.611,6.843999999999999,16.893,0.0,0.0,0.0
2014-12-14,0.0,290.254,101.223,289.529,0.02155,0.725,8.212,16.892,0.0,0.0,0.0
2014-12-15,0.0,291.848,101.145,291.168,0.04302,0.68,6.965,16.942,0.0,0.0,0.0
2014-12-16,0.0,293.312,101.073,292.648,0.0,0.664,6.835,17.051,0.0,0.0,0.0
2014-12-17,0.0,294.709,101.008,294.021,0.0,0.688,7.838999999999999,17.288,0.0,0.0,0.0
2014-12-18,0.0,296.067,100.947,295.348,0.0,0.7190000000000001,8.897,17.195999999999998,0.0,0.0,0.0
2014-12-19,0.0,297.338,100.89,296.601,0.0,0.736,6.99,16.956,0.0,0.0,0.0
2014-12-20,0.0,298.522,100.836,297.803,0.0,0.7190000000000001,7.2360000000000015,16.896,0.0,0.0,0.0
2014-12-21,0.0,299.668,100.787,298.92,0.00378,0.748,8.5,17.012999999999998,0.0,0.0,0.0
2014-12-22,0.0,300.789,100.74,300.048,0.00066,0.741,9.145,17.085,0.0,0.0,0.0
2014-12-23,0.0,301.897,100.694,301.158,0.0002,0.7390000000000001,8.33,16.993,0.0,0.0,0.0
2014-12-24,0.0,302.909,100.652,302.1690000000001,0.00021,0.741,7.569,16.951,0.0,0.0,0.0
2014-12-25,0.0,303.889,100.611,303.156,0.0,0.733,7.848,16.902,0.0,0.0,0.0
2014-12-26,0.0,304.878,100.573,304.142,0.00097,0.736,6.952999999999999,16.934,0.0,0.0,0.0
2014-12-27,0.0,305.813,100.535,305.081,0.026,0.733,6.305,16.834,0.0,0.0,0.0
2014-12-28,0.0,306.697,100.498,305.976,0.01608,0.722,6.996,16.881,0.0,0.0,0.0
2014-12-29,0.0,307.493,100.464,293.583,0.0,13.91,8.032,3.864,0.0,0.0,0.0
2014-12-30,0.0,308.202,100.435,175.767,0.0,132.435,8.121,114.566,0.0,0.0,0.0
2014-12-31,0.0,309.332,100.401,175.74,0.0,133.593,8.929,115.639,0.0,0.0,0.0
2015-01-01,9.5,298.436,105.301,192.409,44.0,106.027,21.337,77.947,94.0,16782.0,65.0
2015-01-02,24.0,292.15,107.43,191.886,45.95212,100.264,45.621,71.457,791.0,118909.0,300.0
2015-01-03,24.0,279.98900000000003,107.896,184.55,47.79895,95.439,60.845,66.337,917.0,148644.0,345.0
2015-01-04,24.0,271.298,107.912,184.71,47.7101,86.589,57.43600000000001,57.67100000000001,789.0,115570.0,401.0
2015-01-05,24.0,265.07,107.94,183.376,47.86731,81.694,56.254,52.702,790.0,115433.0,406.0
2015-01-06,24.0,258.827,107.946,182.74400000000003,47.9725,76.084,59.488,47.361,784.0,113935.0,412.0
2015-01-07,24.0,254.71400000000003,107.882,183.962,47.37565,70.751,53.002,42.01300000000001,574.0,84034.0,461.0
2015-01-08,24.0,251.043,107.878,182.461,48.11145,68.583,54.208,39.637,626.0,90849.0,513.0
2015-01-09,17.67,247.724,107.561,188.739,36.35494,58.985,48.257,31.619,356.0,51609.0,283.0
2015-01-10,20.67,244.412,107.638,179.178,40.78885,65.234,54.088,38.019,423.0,61324.0,312.0
2015-01-11,24.0,243.65,107.788,183.947,47.86851,59.703,54.042,30.228,487.0,70281.0,367.0
2015-01-12,24.0,239.913,107.881,177.74400000000003,49.04302,62.17,53.399,32.878,597.0,86569.0,419.0
2015-01-13,24.0,234.206,107.908,174.696,50.15571,59.51,56.32,30.121,610.0,88850.0,426.0
2015-01-14,24.0,230.074,107.536,188.148,55.80191,41.925,43.698,17.784000000000006,581.0,85171.0,438.0
2015-01-15,24.0,230.811,107.82,184.952,50.53954,45.859,53.74800000000001,23.546,461.0,66952.0,330.0
2015-01-16,24.0,229.08900000000003,107.822,178.166,48.98548,50.923,52.478,21.419,453.0,64394.0,307.0
2015-01-17,24.0,228.883,107.817,178.49599999999995,48.97446,50.387,52.669,20.969,419.0,61534.0,293.0
2015-01-18,24.0,228.883,107.817,178.49599999999995,48.97446,50.387,52.669,20.969,442.0,64668.0,293.0
2015-01-19,24.0,228.883,107.817,178.49599999999995,48.97446,50.387,52.669,20.969,447.0,65213.0,296.0
2015-01-20,18.67,224.075,107.209,173.063,29.40022,51.012,52.243,20.406,226.0,33091.0,180.0
2015-01-21,1.0,226.79,106.085,208.584,18.76533,18.206,18.183,0.412,8.0,1122.0,6.0
2015-01-22,0.0,234.755,103.117,202.911,0.0,31.844,7.104,7.864,0.0,0.0,0.0
2015-01-23,0.0,239.532,102.257,193.241,0.0,46.292,6.888,19.302,0.0,0.0,0.0
2015-01-24,0.0,243.039,101.578,177.81799999999996,0.0,65.221,8.406,37.38800000000001,0.0,0.0,0.0
2015-01-25,0.0,249.68400000000003,101.358,165.8,0.0,83.884,8.517000000000001,55.539,0.0,0.0,0.0
2015-01-26,0.0,261.648,101.595,168.766,0.0,92.883,9.897,64.123,0.0,0.0,0.0
2015-01-27,0.0,265.823,101.495,170.763,0.0,95.06,9.717,66.108,0.0,0.0,0.0
2015-01-28,0.0,268.731,101.377,172.067,0.0,96.664,7.701,67.625,0.0,0.0,0.0
2015-01-29,13.69,258.506,103.736,226.872,31.08472,31.634,12.263,3.263,0.0,0.0,0.0
2015-01-30,14.73,260.211,101.82,231.454,33.572070000000004,28.757,6.011,0.482,0.0,0.0,0.0
2015-01-31,0.0,263.146,100.63,207.142,0.0,56.004,9.384,27.689,0.0,0.0,0.0
2015-02-01,0.0,265.351,100.465,193.004,0.0,72.347,7.891,43.975,0.0,0.0,0.0
2015-02-02,0.0,267.762,100.43,183.958,0.0,83.804,7.705,55.558,0.0,0.0,0.0
2015-02-03,0.0,276.378,100.719,183.552,0.0,92.826,8.519,64.589,0.0,0.0,0.0
2015-02-04,0.0,282.14,100.736,217.459,15.7353,64.681,7.72,45.355,0.0,0.0,0.0
2015-02-05,0.0,285.124,100.7,284.9890000000001,16.22866,0.134,6.162000000000001,6.9620000000000015,0.0,0.0,0.0
2015-02-06,0.0,286.9170000000001,100.659,286.776,0.0,0.141,8.758,21.22,0.0,0.0,0.0
2015-02-07,0.0,288.278,100.615,288.11,0.0,0.1689999999999999,10.43,17.937,0.0,0.0,0.0
2015-02-08,0.0,289.512,100.573,289.296,0.0,0.216,9.448,12.696,0.0,0.0,0.0
2015-02-09,10.48,273.925,107.035,222.662,21.28229,51.26300000000001,42.989,23.065,125.0,20461.0,471.0
2015-02-10,24.0,266.945,107.795,205.706,48.89648,61.239,62.482,32.592,402.0,61862.0,664.0
2015-02-11,24.0,259.991,107.911,199.304,48.95931,60.687,56.308,32.162,474.0,72530.0,557.0
2015-02-12,24.0,254.664,107.941,196.072,48.94512,58.591,58.908,30.123,466.0,71095.0,550.0
2015-02-13,24.0,248.49400000000003,107.055,192.85,48.40793,55.644,58.42,27.307,423.0,64497.0,535.0
2015-02-14,24.0,247.161,107.928,193.389,49.02483,53.772,62.621,25.173,421.0,64062.0,544.0
2015-02-15,24.0,242.392,106.969,191.192,48.04527,51.201,58.06800000000001,22.877,419.0,63550.0,539.0
2015-02-16,24.0,242.438,107.906,192.422,49.02818,50.01600000000001,56.411,21.455,420.0,63731.0,468.0
2015-02-17,24.0,240.784,107.897,192.219,46.80373,48.565,53.986,19.97,410.0,62915.0,474.0
2015-02-18,24.0,237.658,107.979,188.092,50.76397,49.566,54.728,20.958,520.0,77679.0,551.0
2015-02-19,24.0,230.46,108.072,180.775,52.93472,49.685,62.201,21.087,653.0,97101.0,619.0
2015-02-20,24.0,226.449,108.035,179.563,53.10688,46.885,64.837,18.078,638.0,95396.0,702.0
2015-02-21,24.0,223.74400000000003,108.019,179.72299999999996,53.24234000000001,44.022,68.061,15.424,625.0,93262.0,672.0
2015-02-22,24.0,222.108,108.01,180.588,53.32469,41.519,63.3,12.915,476.0,70962.0,545.0
2015-02-23,24.0,221.137,107.998,181.788,53.27325,39.35,56.29600000000001,10.717,410.0,61684.0,479.0
2015-02-24,24.0,219.292,108.041,179.89700000000005,55.83619,39.396,63.127,10.438,626.0,92975.0,556.0
2015-02-25,24.0,211.716,108.177,170.84099999999995,60.36796999999999,40.875,74.279,12.052,941.0,137836.0,771.0
2015-02-26,24.0,208.736,108.164,171.62599999999995,60.36062,37.11,68.831,8.465,738.0,108413.0,623.0
2015-02-27,18.94,208.16,108.104,174.593,47.62035,33.568000000000005,61.428,4.964,400.0,59444.0,424.0
2015-02-28,0.0,214.945,104.493,159.586,0.0,55.36,7.752999999999999,28.936,0.0,0.0,0.0
2015-03-01,0.0,220.501,103.265,158.60299999999995,0.0,61.898,7.561,34.533,0.0,0.0,0.0
2015-03-02,0.0,225.388,102.678,158.707,0.0,66.68,8.615,38.71,0.0,0.0,0.0
2015-03-03,0.0,230.093,102.319,160.069,0.0,70.024,7.035,41.462,0.0,0.0,0.0
2015-03-04,0.0,225.526,97.88,154.946,0.0,70.58,7.617000000000001,42.53100000000001,0.0,0.0,0.0
2015-03-05,0.0,239.261,101.761,162.05100000000004,0.0,77.21,8.452,47.479,0.0,0.0,0.0
2015-03-06,0.0,243.178,101.472,164.537,0.89994,78.641,8.413,49.404,0.0,0.0,0.0
2015-03-07,0.0,247.131,101.206,219.898,0.1025599999999999,27.233,10.304,21.405,0.0,0.0,0.0
2015-03-08,0.0,254.258,100.795,178.609,0.0,75.649,12.177,67.46,0.0,0.0,0.0
2015-03-09,0.0,264.922,101.115,177.238,0.0,87.684,8.302999999999999,76.193,0.0,0.0,0.0
2015-03-10,0.0,269.466,101.092,178.50799999999995,0.0,90.958,9.554,79.521,0.0,0.0,0.0
2015-03-11,0.0,272.238,101.035,179.278,0.0,92.96,8.79,81.51100000000002,0.0,0.0,0.0
2015-03-12,0.0,275.019,100.972,180.06099999999995,0.0,94.958,8.511000000000001,83.47200000000002,0.0,0.0,0.0
2015-03-13,0.0,277.665,100.909,180.78,0.0,96.885,7.726,85.39299999999999,0.0,0.0,0.0
2015-03-14,0.0,280.231,100.847,181.448,0.0,98.783,8.075,87.309,0.0,0.0,0.0
2015-03-15,0.0,282.771,100.79,182.077,0.0,100.694,8.817,89.17399999999998,0.0,0.0,0.0
2015-03-16,0.0,284.848,100.734,182.593,0.0,102.255,8.817,83.465,0.0,0.0,0.0
2015-03-17,0.0,286.797,100.683,183.057,0.0,103.74,9.184,79.28399999999998,0.0,0.0,0.0
2015-03-18,8.21,269.115,106.697,231.804,19.21894,37.312,47.54,18.623,92.0,13339.0,412.0
2015-03-19,24.0,260.264,107.953,222.062,51.613,38.202,68.475,21.497,216.0,31636.0,1040.0
2015-03-20,24.0,252.946,108.14,211.758,51.83248,41.188,70.304,24.524,223.0,32484.0,1131.0
2015-03-21,24.0,246.419,108.176,203.144,51.95842,43.275,72.432,24.557,226.0,32819.0,1066.0
2015-03-22,24.0,241.947,108.157,198.658,53.5453,43.289,59.768,14.724,385.0,58379.0,759.0
2015-03-23,24.0,238.198,108.14,196.347,53.51642,41.852,65.737,13.361,343.0,53457.0,698.0
2015-03-24,24.0,235.289,108.118,194.722,53.53941,40.56800000000001,68.67,12.083,356.0,54801.0,798.0
2015-03-25,24.0,232.311,108.131,192.601,54.71945,39.71,69.842,11.072,448.0,67646.0,898.0
2015-03-26,24.0,223.935,108.245,184.038,60.03832,39.897,75.168,8.737,609.0,89539.0,873.0
2015-03-27,24.0,220.575,108.192,182.846,59.87418,37.728,71.97399999999998,6.665,619.0,89062.0,855.0
2015-03-28,24.0,217.491,108.185,181.027,59.89556,36.464,68.13600000000001,6.992999999999999,565.0,75663.0,782.0
2015-03-29,24.0,214.867,108.176,179.833,57.2328,35.034,72.433,6.426,551.0,79170.0,757.0
2015-03-30,24.0,212.165,108.204,177.885,63.47054,34.28,72.811,5.299,624.0,90173.0,779.0
2015-03-31,24.0,208.367,108.215,175.393,65.01727,32.974000000000004,73.494,4.235,623.0,88514.0,759.0
2015-04-01,6.46,211.3,107.041,182.844,17.94654,28.456,34.814,0.523,58.0,8422.0,72.0
2015-04-02,0.0,221.507,103.488,179.767,0.35101,41.74,9.686,13.988,0.0,0.0,0.0
2015-04-03,0.0,226.788,102.746,178.351,0.31899,48.437,10.282,18.532,0.0,0.0,0.0
2015-04-04,0.0,231.52,102.311,178.231,0.30082,53.289,8.946,21.599,0.0,0.0,0.0
2015-04-05,0.0,236.028,101.881,176.22299999999996,0.29972,59.806,8.631,28.022,0.0,0.0,0.0
2015-04-06,0.0,237.98,101.669,167.808,0.31376,70.172,9.639,40.15,0.0,0.0,0.0
2015-04-07,0.0,241.965,101.117,158.189,0.30342,83.77600000000002,9.6,54.242,0.0,0.0,0.0
2015-04-08,0.0,256.405,101.338,162.28,0.30742,94.125,10.7,64.874,0.0,0.0,0.0
2015-04-09,0.0,263.096,101.291,164.77900000000002,0.29358,98.317,8.077,69.244,0.0,0.0,0.0
2015-04-10,0.0,266.314,101.196,166.055,0.26571,100.258,8.448,71.282,0.0,0.0,0.0
2015-04-11,0.0,269.16900000000004,101.111,167.197,0.24146,101.973,8.785,73.17,0.0,0.0,0.0
2015-04-12,0.0,272.01,101.033,168.234,0.24098,103.776,8.049,74.804,0.0,0.0,0.0
2015-04-13,0.0,274.895,100.96,169.27200000000005,0.23666,105.623,8.821,76.695,0.0,0.0,0.0
2015-04-14,0.0,277.401,100.892,170.07299999999995,0.27624,107.328,8.98,78.313,0.0,0.0,0.0
2015-04-15,0.0,280.046,100.831,170.96200000000005,0.26275,109.085,10.291,79.844,0.0,0.0,0.0
2015-04-16,0.0,282.627,100.771,171.795,0.25917,110.832,11.491,81.57600000000002,0.0,0.0,0.0
2015-04-17,0.0,285.053,100.716,172.43599999999995,0.27304,112.617,12.199000000000002,83.164,0.0,0.0,0.0
2015-04-18,0.0,287.457,100.667,173.12099999999995,0.26261,114.335,12.455,84.95299999999997,0.0,0.0,0.0
2015-04-19,0.0,289.779,100.618,173.71599999999995,0.21968,116.063,12.304,86.594,0.0,0.0,0.0
2015-04-20,16.38,275.587,106.038,238.976,31.69057,36.611,31.721,18.502,82.0,11893.0,491.0
2015-04-21,24.0,262.874,108.015,229.997,52.61599,32.876999999999995,74.117,20.161,173.0,25444.0,1263.0
2015-04-22,24.0,253.767,108.159,216.692,52.59735,37.075,76.61399999999998,21.689,268.0,39276.0,1093.0
2015-04-23,24.0,248.853,108.145,209.488,52.65872,39.365,72.492,15.133,320.0,46340.0,879.0
2015-04-24,24.0,246.511,108.107,206.765,52.65302,39.746,66.226,10.816,319.0,46150.0,877.0
2015-04-25,24.0,243.7,108.111,204.348,52.70381,39.352,67.093,10.42,341.0,49280.0,823.0
2015-04-26,24.0,241.288,108.102,202.55900000000003,52.70324,38.729,67.047,9.822,340.0,49138.0,771.0
2015-04-27,24.0,236.871,108.197,198.189,55.26661,38.681,70.359,9.703,397.0,57219.0,899.0
2015-04-28,24.0,232.028,108.227,194.033,56.90749,37.995,71.304,8.996,444.0,63898.0,911.0
2015-04-29,24.0,224.943,108.289,187.745,59.77121999999999,37.198,76.527,8.285,575.0,82467.0,814.0
2015-04-30,24.0,219.367,108.284,183.724,62.13158000000001,35.643,77.135,6.734,608.0,87181.0,921.0
2015-05-01,24.0,213.641,108.289,179.567,65.01906,34.073,77.72,5.309,665.0,94869.0,926.0
2015-05-02,24.0,210.479,108.264,178.239,68.38615,32.24,76.68,3.58,621.0,88496.0,869.0
2015-05-03,9.71,209.442,108.233,178.18400000000003,28.40513,31.258000000000006,75.01,2.678,212.0,30483.0,299.0
2015-05-04,0.0,222.564,103.89,156.411,0.0,66.153,10.582,37.259,0.0,0.0,0.0
2015-05-05,0.0,228.487,102.973,158.35299999999995,0.0,70.133,9.775,57.947,0.0,0.0,0.0
2015-05-06,0.0,233.351,102.4,159.002,0.0,74.348,9.158,72.73100000000002,0.0,0.0,0.0
2015-05-07,0.0,237.828,101.922,157.317,0.0,80.51100000000002,10.107,79.061,0.0,0.0,0.0
2015-05-08,0.0,243.55900000000003,101.639,154.775,0.0,88.78399999999998,10.24,87.425,0.0,0.0,0.0
2015-05-09,0.0,255.884,101.667,159.05,0.0,96.834,9.687,95.614,0.0,0.0,0.0
2015-05-10,0.0,261.716,101.516,161.414,0.0,100.302,10.096,95.378,0.0,0.0,0.0
2015-05-11,0.0,265.168,101.383,162.718,0.0,102.45,10.109,95.045,0.0,0.0,0.0
2015-05-12,0.0,268.499,101.268,164.015,0.0,104.484,9.884,97.055,0.0,0.0,0.0
2015-05-13,0.0,271.381,101.165,165.139,0.0,106.242,11.148,86.789,0.0,0.0,0.0
2015-05-14,0.0,274.266,101.074,166.21200000000005,0.0,108.055,11.491,78.96,0.0,0.0,0.0
2015-05-15,0.0,276.843,100.991,167.138,0.0,109.705,10.602,80.609,0.0,0.0,0.0
2015-05-16,0.0,279.081,100.915,167.892,0.0,111.189,9.985,82.09,0.0,0.0,0.0
2015-05-17,0.0,281.35,100.848,168.649,0.0,112.701,11.1,83.604,0.0,0.0,0.0
2015-05-18,0.0,283.691,100.787,169.398,0.0,114.293,9.374,85.189,0.0,0.0,0.0
2015-05-19,0.0,285.938,100.728,170.12599999999995,0.0,115.812,9.065,86.696,0.0,0.0,0.0
2015-05-20,0.0,287.891,100.673,170.732,0.0,117.159,11.134,88.061,0.0,0.0,0.0
2015-05-21,0.0,289.624,100.623,171.236,0.0,118.387,11.216,89.303,0.0,0.0,0.0
2015-05-22,7.38,264.551,107.264,235.451,22.22339,29.099,66.361,12.029000000000002,143.0,20890.0,228.0
2015-05-23,24.0,249.195,108.201,220.216,73.66493,28.979,83.42,6.574,503.0,76175.0,768.0
2015-05-24,24.0,235.035,108.32,199.966,68.76319000000001,35.069,78.997,5.73,537.0,78843.0,864.0
2015-05-25,24.0,233.431,108.169,197.156,57.35183000000001,36.274,74.119,7.481,505.0,74291.0,803.0
2015-05-26,24.0,232.597,108.103,197.785,56.38097,34.812,70.583,6.06,353.0,51938.0,762.0
2015-05-27,20.0,232.834,107.774,200.665,56.46453,32.169000000000004,56.428,3.482,294.0,43077.0,647.0
2015-05-28,0.0,238.93,105.42,210.24,0.0,28.689,13.533,0.025,0.0,0.0,0.0
2015-05-29,0.0,246.977,102.152,187.044,0.21993,59.933,10.319,31.274,0.0,0.0,0.0
2015-05-30,0.0,250.832,101.504,173.19,0.18304,77.642,11.497,48.987,0.0,0.0,0.0
2015-05-31,0.0,256.606,101.34,167.865,0.16632,88.741,12.125,60.083,0.0,0.0,0.0
2015-06-01,0.0,267.1,101.387,170.83599999999996,0.15959,96.264,10.488,67.581,0.0,0.0,0.0
2015-06-02,0.0,272.3,101.241,172.639,0.15192,99.661,9.238,70.953,0.0,0.0,0.0
2015-06-03,0.0,275.183,101.107,173.65400000000002,0.1298099999999999,101.529,11.7,72.845,0.0,0.0,0.0
2015-06-04,0.0,277.793,101.001,174.521,0.13844,103.272,12.597,74.601,0.0,0.0,0.0
2015-06-05,0.0,280.277,100.906,175.32,0.11343,104.957,13.014,76.273,0.0,0.0,0.0
2015-06-06,0.0,282.43,100.817,175.97799999999995,0.13806,106.452,11.144,77.76,0.0,0.0,0.0
2015-06-07,0.0,284.312,100.743,176.612,0.11709,107.7,12.144,101.218,0.0,0.0,0.0
2015-06-08,0.0,286.122,100.676,177.15,0.09387,108.973,12.9,102.434,0.0,0.0,0.0
2015-06-09,0.0,287.872,100.618,177.613,0.09387,110.259,13.896,103.692,0.0,0.0,0.0
2015-06-10,0.0,289.517,100.564,178.05900000000003,0.08312,111.457,14.117,97.871,0.0,0.0,0.0
2015-06-11,10.45,272.691,106.904,239.07,22.75783,33.621,43.105,16.677,83.0,12120.0,435.0
2015-06-12,24.0,259.98900000000003,107.945,226.55,60.86207,33.439,74.249,5.695,213.0,31055.0,1287.0
2015-06-13,24.0,253.845,108.068,217.278,54.85205,36.567,74.568,8.827,256.0,36917.0,1013.0
2015-06-14,24.0,251.027,108.025,212.335,51.82022,38.69300000000001,67.98,10.961,235.0,34214.0,747.0
2015-06-15,24.0,248.768,108.022,209.878,51.7525,38.89,66.476,11.153,240.0,34789.0,703.0
2015-06-16,24.0,246.55900000000003,107.989,208.354,51.48279,38.206,63.713,10.496,245.0,35543.0,604.0
2015-06-17,24.0,245.202,107.96,207.843,51.35456,37.359,60.131,9.604,221.0,32378.0,550.0
2015-06-18,24.0,243.781,107.963,207.09,51.82289,36.692,62.832,8.926,223.0,32481.0,545.0
2015-06-19,24.0,242.223,107.977,206.114,52.09688,36.108,63.521,8.346,230.0,34081.0,555.0
2015-06-20,24.0,240.638,107.984,205.192,52.4484,35.446,63.169,7.692,219.0,32412.0,556.0
2015-06-21,24.0,239.848,107.956,205.379,52.69465,34.47,62.145,6.702999999999999,205.0,30485.0,536.0
2015-06-22,24.0,238.533,108.004,203.96,53.39162,34.572,64.545,6.813,211.0,31256.0,549.0
2015-06-23,24.0,234.811,108.148,199.129,55.36181,35.68199999999999,70.45100000000002,7.941,338.0,49948.0,746.0
2015-06-24,24.0,228.969,108.224,192.653,56.58419,36.317,74.714,8.626,422.0,62161.0,823.0
2015-06-25,24.0,226.215,108.169,191.41,56.5621,34.805,73.234,7.1370000000000005,388.0,57125.0,711.0
2015-06-26,24.0,224.206,108.162,190.428,58.21413,33.778,72.321,5.959,447.0,65356.0,765.0
2015-06-27,24.0,221.041,108.196,187.735,60.8889,33.306,73.683,4.774,436.0,63621.0,747.0
2015-06-28,24.0,218.237,108.216,185.836,62.82589,32.401,72.15,3.913,452.0,66072.0,751.0
2015-06-29,24.0,213.81,108.287,181.86900000000003,69.60882,31.941,75.97399999999998,3.603,635.0,91315.0,974.0
2015-06-30,24.0,207.219,108.32,176.362,73.33077,30.857,77.12899999999998,3.123,645.0,92007.0,951.0
2015-07-01,3.29,211.121,107.516,183.435,10.21,27.686,41.206,0.4920000000000001,16.0,2297.0,26.0
2015-07-02,0.0,223.997,103.61,175.68599999999995,0.0,48.31,16.358,21.775,0.0,0.0,0.0
2015-07-03,0.0,229.863,102.835,174.753,0.0,55.11,15.765,27.639,0.0,0.0,0.0
2015-07-04,0.0,234.76,102.269,171.15900000000005,0.0,63.601000000000006,15.627,36.179,0.0,0.0,0.0
2015-07-05,0.0,238.998,101.855,166.09,0.0,72.908,14.333,45.424,0.0,0.0,0.0
2015-07-06,0.0,243.327,101.521,160.629,0.0,82.699,16.023,55.078,0.0,0.0,0.0
2015-07-07,0.0,250.521,101.443,157.463,0.0,93.058,15.411,65.531,0.0,0.0,0.0
2015-07-08,0.0,261.363,101.526,161.255,0.0,100.108,15.387,72.483,0.0,0.0,0.0
2015-07-09,0.0,266.491,101.418,163.245,0.0,103.247,13.99,75.719,0.0,0.0,0.0
2015-07-10,0.0,269.74,101.314,164.43599999999995,0.0,105.304,14.193,77.858,0.0,0.0,0.0
2015-07-11,0.0,272.552,101.224,165.447,0.0,107.105,14.173,79.63,0.0,0.0,0.0
2015-07-12,0.0,275.278,101.139,166.44799999999995,0.0,108.83,14.495,81.22,0.0,0.0,0.0
2015-07-13,0.0,277.849,101.061,167.34599999999998,0.0,110.503,15.645,82.729,0.0,0.0,0.0
2015-07-14,0.0,280.24,100.986,168.15099999999995,0.0,112.09,16.730999999999998,83.87,0.0,0.0,0.0
2015-07-15,0.0,282.433,100.918,168.89700000000005,0.0,113.535,17.002,85.413,0.0,0.0,0.0
2015-07-16,0.0,284.584,100.858,169.593,0.0,114.991,17.192,86.89399999999998,0.0,0.0,0.0
2015-07-17,0.0,286.93,100.8,170.342,0.0,116.588,15.565,88.854,0.0,0.0,0.0
2015-07-18,0.0,288.936,100.74,170.96,0.0,117.976,13.542,90.351,0.0,0.0,0.0
2015-07-19,0.0,290.724,100.691,171.555,0.0,119.169,13.934,91.644,0.0,0.0,0.0
2015-07-20,0.0,292.301,100.645,172.037,0.0,120.264,14.788,92.882,0.0,0.0,0.0
2015-07-21,0.0,293.689,100.595,173.86700000000005,0.0,119.822,13.989,91.923,0.0,0.0,0.0
2015-07-22,22.38,268.879,107.548,240.576,55.01501999999999,28.303,64.064,10.207,111.0,16834.0,1201.0
2015-07-23,24.0,257.853,108.119,228.911,76.03493,28.941,73.507,1.654,166.0,25057.0,1350.0
2015-07-24,24.0,248.657,108.212,216.193,62.36531,32.464,77.298,4.817,265.0,39859.0,1152.0
2015-07-25,24.0,248.316,108.076,213.898,53.82786,34.418,70.602,7.1720000000000015,204.0,30789.0,744.0
2015-07-26,24.0,245.789,108.097,211.314,53.7594,34.475,69.98899999999999,7.227,230.0,34488.0,734.0
2015-07-27,24.0,243.756,108.078,209.601,53.47775,34.155,68.881,6.91,228.0,34207.0,678.0
2015-07-28,24.0,242.079,108.059,208.544,53.41421,33.535,67.50399999999999,6.283,224.0,33825.0,671.0
2015-07-29,24.0,241.095,108.014,208.547,53.511,32.548,65.375,5.283,183.0,27538.0,580.0
2015-07-30,24.0,240.008,108.035,207.54,54.51367,32.468,65.545,5.197,202.0,30240.0,609.0
2015-07-31,24.0,237.156,108.13,204.267,56.36182,32.889,67.562,5.46,267.0,40044.0,709.0
2015-08-01,24.0,231.57,108.245,197.857,58.64993000000001,33.713,68.344,5.978,350.0,52297.0,826.0
2015-08-02,24.0,229.023,108.174,196.685,58.55974000000001,32.338,67.774,4.7010000000000005,323.0,48064.0,713.0
2015-08-03,24.0,225.786,108.216,193.707,62.10371,32.079,73.148,3.929,385.0,57759.0,820.0
2015-08-04,24.0,220.5,108.253,188.267,63.75049,32.233000000000004,73.749,3.898,444.0,66824.0,845.0
2015-08-05,24.0,213.109,108.292,182.85,70.87810999999998,30.259,72.729,5.832000000000002,733.0,107840.0,1147.0
2015-08-06,24.0,208.74,108.277,179.07299999999995,73.5162,29.667,75.583,2.392,583.0,86710.0,876.0
2015-08-07,3.79,210.435,108.143,183.607,11.82626,26.828000000000007,71.096,1.197,54.0,8198.0,107.0
2015-08-08,0.0,224.068,103.672,160.319,0.0,63.749,16.51,43.912,0.0,0.0,0.0
2015-08-09,0.0,229.907,102.826,160.27100000000004,0.0,69.63600000000001,15.272,50.858,0.0,0.0,0.0
2015-08-10,0.0,234.763,102.211,156.922,0.0,77.84100000000002,15.793,59.5,0.0,0.0,0.0
2015-08-11,0.0,239.639,101.868,152.92600000000004,0.0,86.713,15.592,68.71600000000001,0.0,0.0,0.0
2015-08-12,0.0,251.347,101.902,156.565,0.0,94.782,15.524,76.946,0.0,0.0,0.0
2015-08-13,0.0,258.846,101.751,159.64600000000004,0.0,99.201,15.328,81.37899999999998,0.0,0.0,0.0
2015-08-14,0.0,262.695,101.598,161.259,0.0,101.436,16.613,83.71799999999998,0.0,0.0,0.0
2015-08-15,0.0,266.106,101.469,162.625,0.0,103.481,16.555,85.79,0.0,0.0,0.0
2015-08-16,0.0,269.289,101.357,163.907,0.0,105.381,17.447,87.446,0.0,0.0,0.0
2015-08-17,0.0,272.29400000000004,101.256,165.037,0.0,107.257,18.079,89.036,0.0,0.0,0.0
2015-08-18,0.0,274.827,101.163,165.905,0.0,108.922,17.402,90.029,0.0,0.0,0.0
2015-08-19,0.0,277.311,101.082,166.75799999999995,0.0,110.554,17.264,90.703,0.0,0.0,0.0
2015-08-20,0.0,280.006,101.008,167.69,0.0,112.316,16.509,91.513,0.0,0.0,0.0
2015-08-21,0.0,282.403,100.951,223.08900000000003,20.25874,59.31399999999999,16.104,43.056,0.0,0.0,0.0
2015-08-22,0.0,284.682,100.876,284.682,19.4138,0.0,16.739,0.0,0.0,0.0,0.0
2015-08-23,0.0,286.53,100.812,286.53,0.49005,0.0,17.805999999999994,0.0,0.0,0.0,0.0
2015-08-24,0.0,288.069,100.757,288.069,0.46119,0.0,17.93,0.0,0.0,0.0,0.0
2015-08-25,0.0,289.661,100.706,283.833,9.51871,5.827999999999999,26.043000000000006,1.009,0.0,0.0,0.0
2015-08-26,0.0,291.142,100.659,286.348,19.52653,4.794,28.181,0.23,0.0,0.0,0.0
2015-08-27,0.0,292.638,100.614,292.635,0.11849,0.002,14.91,0.044,0.0,0.0,0.0
2015-08-28,0.0,293.821,100.571,293.8,0.10666,0.021,14.047,0.021,0.0,0.0,0.0
2015-08-29,0.0,281.83,95.876,281.786,0.09115,0.044,14.692,0.044,0.0,0.0,0.0
2015-08-30,0.0,295.939,100.494,295.885,0.09078,0.054,14.517,0.054,0.0,0.0,0.0
2015-08-31,0.0,296.511,100.322,296.511,0.09185,0.0,15.409,14.259,0.0,0.0,0.0
2015-09-01,0.0,297.826,100.426,296.761,0.09107,1.065,23.103,27.573,0.0,0.0,0.0
2015-09-02,0.0,298.742,100.368,275.286,0.08241,23.456,21.61,5.3660000000000005,0.0,0.0,0.0
2015-09-03,0.0,297.712,99.903,204.629,0.06951,93.082,19.64,63.319,0.0,0.0,0.0
2015-09-04,16.16,277.589,107.375,244.14,38.671,33.449,58.746,9.028,177.0,27384.0,934.0
2015-09-05,24.0,265.459,108.038,231.905,58.93306,33.554,78.656,6.862,291.0,44064.0,1417.0
2015-09-06,24.0,258.201,108.095,222.722,55.80774,35.48,76.71,8.779,344.0,51698.0,1069.0
2015-09-07,24.0,253.93400000000003,108.097,217.285,53.85619000000001,36.649,73.612,9.977,360.0,53949.0,983.0
2015-09-08,24.0,250.729,108.086,214.033,53.287,36.696,71.531,10.044,370.0,55458.0,855.0
2015-09-09,24.0,247.68,108.084,211.453,53.28875,36.228,70.847,9.566,370.0,55321.0,819.0
2015-09-10,24.0,245.182,108.066,209.838,53.2937,35.344,69.525,8.693999999999999,356.0,53159.0,754.0
2015-09-11,24.0,243.32,108.032,209.228,53.26503,34.092,67.374,7.436,335.0,50331.0,707.0
2015-09-12,24.0,239.657,108.141,205.556,55.98024,34.101,71.443,7.377999999999999,397.0,58901.0,858.0
2015-09-13,24.0,235.341,108.161,201.878,56.80937,33.463,70.46300000000002,6.754,412.0,60948.0,840.0
2015-09-14,24.0,232.748,108.14,200.329,57.74957,32.419000000000004,71.87899999999998,5.638999999999999,427.0,64122.0,818.0
2015-09-15,24.0,228.465,108.187,196.545,60.30909000000001,31.921,73.625,4.947,434.0,64317.0,891.0
2015-09-16,24.0,225.027,108.177,193.947,62.16607,31.081,73.84899999999998,3.963,439.0,64702.0,888.0
2015-09-17,24.0,220.583,108.213,189.576,65.79759,31.007,76.781,3.372,515.0,76529.0,931.0
2015-09-18,24.0,214.004,108.285,183.171,77.67799000000002,30.833,79.779,2.251,615.0,89918.0,1061.0
2015-09-19,24.0,211.502,108.073,182.975,93.63543,28.527,72.66,1.08,510.0,74359.0,766.0
2015-09-20,8.31,217.541,105.905,192.876,34.85313,24.665,29.356,0.194,109.0,16389.0,176.0
2015-09-21,0.0,227.646,103.362,192.465,0.00014,35.181,15.718,6.683,0.0,0.0,0.0
2015-09-22,0.0,229.312,100.878,185.416,0.0,43.896,15.032,14.138,0.0,0.0,0.0
2015-09-23,0.0,237.531,101.973,181.655,0.0,55.87600000000001,16.347,25.187,0.0,0.0,0.0
2015-09-24,0.0,242.007,101.519,172.065,0.0,69.942,13.459,39.36,0.0,0.0,0.0
2015-09-25,0.0,246.114,101.261,164.262,0.0,81.852,14.019,51.216,0.0,0.0,0.0
2015-09-26,0.0,254.843,101.435,164.423,0.0,90.42,16.226,59.685,0.0,0.0,0.0
2015-09-27,0.0,263.273,101.4,167.45,0.0,95.823,15.414,64.931,0.0,0.0,0.0
2015-09-28,0.0,268.063,101.301,169.143,0.0,98.921,14.345999999999998,68.191,0.0,0.0,0.0
2015-09-29,0.0,271.155,101.203,170.18,0.0,100.975,13.93,70.435,0.0,0.0,0.0
2015-09-30,0.0,273.993,101.117,171.16,0.0,102.833,13.755,72.19,0.0,0.0,0.0
2015-10-01,0.0,276.828,101.039,172.128,0.0,104.701,13.892,74.045,0.0,0.0,0.0
2015-10-02,0.0,279.435,100.965,172.986,0.0,106.449,13.771,75.795,0.0,0.0,0.0
2015-10-03,0.0,281.7270000000001,100.897,173.672,0.0,108.055,14.272,77.336,0.0,0.0,0.0
2015-10-04,0.0,283.897,100.834,174.285,0.0,109.612,15.111,78.717,0.0,0.0,0.0
2015-10-05,0.0,285.951,100.777,174.861,0.0,111.09,15.993,80.38,0.0,0.0,0.0
2015-10-06,0.0,287.9120000000001,100.724,175.418,0.0,112.494,15.122,81.92299999999999,0.0,0.0,0.0
2015-10-07,0.0,289.486,100.674,175.937,0.0,113.55,13.661,83.215,0.0,0.0,0.0
2015-10-08,0.0,290.999,100.626,176.372,0.0,114.627,13.885,84.24,0.0,0.0,0.0
2015-10-09,0.0,292.485,100.583,176.762,0.0,115.723,14.977,85.064,0.0,0.0,0.0
2015-10-10,0.0,293.909,100.542,177.14700000000005,0.0,116.761,14.337,86.25200000000002,0.0,0.0,0.0
2015-10-11,0.0,295.269,100.504,177.485,0.0,117.783,13.501,87.462,0.0,0.0,0.0
2015-10-12,0.0,296.522,100.467,177.85,0.0,118.672,12.261,88.499,0.0,0.0,0.0
2015-10-13,0.0,297.575,100.43,178.05900000000003,0.0,119.515,13.555,89.083,0.0,0.0,0.0
2015-10-14,6.11,282.495,105.6,227.80900000000003,13.45897,54.68600000000001,35.887,31.837,68.0,10292.0,231.0
2015-10-15,24.0,266.72900000000004,107.903,239.883,59.00992,26.846,79.765,8.119,106.0,16147.0,1645.0
2015-10-16,24.0,257.855,108.053,228.379,55.37971,29.476,80.058,10.755999999999998,158.0,23820.0,1229.0
2015-10-17,24.0,254.754,108.005,222.526,51.61287,32.229,72.926,13.503,154.0,23111.0,862.0
2015-10-18,24.0,253.1,107.963,220.286,50.16503,32.814,69.051,14.093,150.0,22354.0,715.0
2015-10-19,24.0,248.919,108.092,215.461,52.31617,33.458,72.877,14.754,225.0,33845.0,861.0
2015-10-20,24.0,244.906,108.088,211.133,51.12082,33.773,69.84,15.092,221.0,33090.0,816.0
2015-10-21,24.0,243.212,108.031,210.343,52.8942,32.869,61.205,9.907,208.0,31225.0,702.0
2015-10-22,24.0,240.393,108.07,208.128,55.40025,32.265,64.322,6.1610000000000005,218.0,32598.0,699.0
2015-10-23,24.0,238.33900000000003,108.056,207.074,56.32231,31.265,64.551,5.207999999999998,219.0,32908.0,730.0
2015-10-24,24.0,234.842,108.111,203.848,58.32782,30.995,66.506,4.64,253.0,38311.0,735.0
2015-10-25,24.0,232.593,108.074,202.54,59.99157,30.053,66.584,5.233,284.0,42501.0,786.0
2015-10-26,24.0,226.844,108.183,194.498,55.61919,32.347,70.539,13.63,394.0,64546.0,860.0
2015-10-27,24.0,222.449,108.174,191.255,56.48962,31.193,75.355,12.502,419.0,68466.0,847.0
2015-10-28,24.0,219.677,108.139,189.719,56.47153,29.959,73.91,11.285,400.0,64240.0,801.0
2015-10-29,24.0,214.76,108.228,185.267,67.66509,29.493,76.509,7.43,606.0,93397.0,1014.0
2015-10-30,1.69,213.32,108.162,183.931,6.64388,29.389,73.71300000000002,1.215,3.0,521.0,7.0
2015-10-31,0.0,229.108,103.556,161.39,0.21763,67.717,12.554,41.825,0.0,0.0,0.0
2015-11-01,0.0,235.026,102.693,161.75,0.20664,73.277,11.892,47.383,0.0,0.0,0.0
2015-11-02,0.0,239.437,102.104,158.393,0.1991,81.045,11.839,54.62,0.0,0.0,0.0
2015-11-03,0.0,245.232,101.83,156.043,0.17434,89.189,10.893,62.662,0.0,0.0,0.0
2015-11-04,0.0,256.0,101.82,159.757,0.16086,96.244,12.483,69.396,0.0,0.0,0.0
2015-11-05,0.0,262.626,101.661,162.387,0.15917,100.239,12.805,73.051,0.0,0.0,0.0
2015-11-06,0.0,266.817,101.51,164.045,0.15893,102.771,12.906,76.248,0.0,0.0,0.0
2015-11-07,0.0,270.095,101.384,165.32,0.15107,104.774,12.617,78.38600000000002,0.0,0.0,0.0
2015-11-08,0.0,273.11,101.273,166.43099999999995,0.13999,106.679,12.392,80.318,0.0,0.0,0.0
2015-11-09,0.0,276.014,101.175,167.46599999999995,0.14453,108.548,11.566,82.195,0.0,0.0,0.0
2015-11-10,0.0,278.868,101.088,168.43599999999995,0.1361099999999999,110.431,12.899,84.256,0.0,0.0,0.0
2015-11-11,0.0,281.617,101.009,169.342,0.1283099999999999,112.275,12.505,86.866,0.0,0.0,0.0
2015-11-12,0.0,284.218,100.937,170.183,0.14426,114.035,11.744000000000002,88.53399999999998,0.0,0.0,0.0
2015-11-13,0.0,286.617,100.872,170.949,0.14319,115.668,10.707,89.821,0.0,0.0,0.0
2015-11-14,0.0,288.758,100.811,171.685,0.1582299999999999,117.073,10.868,91.549,0.0,0.0,0.0
2015-11-15,0.0,290.981,100.755,172.308,0.1444599999999999,118.672,12.439,92.887,0.0,0.0,0.0
2015-11-16,0.0,292.987,100.704,172.873,0.12348,120.114,11.211,94.072,0.0,0.0,0.0
2015-11-17,0.0,294.823,100.654,173.40900000000005,0.13176,121.413,10.062,95.4,0.0,0.0,0.0
2015-11-18,13.26,278.771,106.301,237.317,27.95413,41.45399999999999,35.5,23.571,63.0,9772.0,410.0
2015-11-19,24.0,270.762,107.612,243.92,56.91126,26.842,64.635,5.68,57.0,8878.0,850.0
2015-11-20,24.0,263.882,107.884,237.19,60.682,26.692,74.096,5.1320000000000014,175.0,27015.0,1131.0
2015-11-21,24.0,251.5,108.181,222.5,60.68903,29.0,81.46,7.433,252.0,38791.0,1425.0
2015-11-22,24.0,244.365,108.215,212.291,60.66511,32.074,79.657,6.454,303.0,46436.0,1032.0
2015-11-23,24.0,239.834,108.202,206.722,60.61982,33.111999999999995,71.808,5.642,304.0,46216.0,1035.0
2015-11-24,24.0,236.093,108.168,203.775,60.61337,32.318000000000005,73.646,4.79,301.0,45610.0,910.0
2015-11-25,24.0,232.987,108.163,201.826,62.96496,31.162,74.783,3.622,309.0,46936.0,933.0
2015-11-26,24.0,229.877,108.13,199.969,65.61386999999999,29.907,68.736,2.5340000000000003,290.0,44165.0,799.0
2015-11-27,24.0,227.091,108.15,197.44,55.41931999999999,29.651,69.42699999999999,10.640999999999998,312.0,47139.0,853.0
2015-11-28,24.0,224.292,108.129,195.164,55.42483000000001,29.128,69.378,10.374,319.0,48869.0,809.0
2015-11-29,24.0,222.149,108.106,193.654,55.49048000000001,28.495,70.795,9.749,325.0,49523.0,753.0
2015-11-30,24.0,220.581,108.088,192.866,55.47582,27.714,72.695,8.986,322.0,49034.0,743.0
2015-12-01,24.0,219.293,108.083,192.19,55.73845,27.104,71.461,8.558,318.0,48723.0,737.0
2015-12-02,24.0,217.105,108.121,190.315,56.25741,26.79,67.98899999999999,9.077,350.0,53110.0,738.0
2015-12-03,24.0,215.272,108.139,188.981,56.99665,26.291,71.859,8.584,353.0,53761.0,745.0
2015-12-04,24.0,213.676,108.142,187.961,56.93238,25.715,70.505,8.386000000000001,372.0,59285.0,771.0
2015-12-05,24.0,212.131,108.15,187.022,56.80454,25.109,67.014,8.378,334.0,51572.0,727.0
2015-12-06,24.0,211.229,108.146,187.072,56.828,24.156,72.42399999999998,7.893,356.0,54833.0,749.0
2015-12-07,24.0,209.866,108.174,185.812,57.60208000000001,24.054,74.381,8.346,362.0,55787.0,764.0
2015-12-08,24.0,208.079,108.199,184.131,59.02969,23.947,69.911,8.226,406.0,62595.0,809.0
2015-12-09,5.66,207.58900000000003,108.192,184.405,13.989629999999998,23.184,73.22399999999998,7.709,98.0,15246.0,192.0
2015-12-10,0.0,220.545,103.914,156.564,0.0,63.98,9.693,37.695,0.0,0.0,0.0
2015-12-11,0.0,226.235,103.165,159.644,0.0,66.59100000000001,8.576,40.134,0.0,0.0,0.0
2015-12-12,0.0,231.205,102.689,162.14600000000004,0.0,69.06,10.692,42.57,0.0,0.0,0.0
2015-12-13,0.0,235.401,102.279,162.80200000000005,0.0,72.59899999999998,11.147,46.191,0.0,0.0,0.0
2015-12-14,0.0,240.024,101.91,161.431,0.0,78.593,8.988,52.273,0.0,0.0,0.0
2015-12-15,0.0,244.596,101.534,157.33,0.0,87.266,8.812000000000003,61.048,0.0,0.0,0.0
2015-12-16,0.0,253.414,101.615,157.659,0.0,95.755,9.973,69.572,0.0,0.0,0.0
2015-12-17,0.0,262.178,101.57,161.032,0.0,101.147,10.897,74.999,0.0,0.0,0.0
2015-12-18,0.0,267.454,101.468,163.02,0.0,104.435,10.938,78.327,0.0,0.0,0.0
2015-12-19,0.0,270.949,101.366,164.356,0.0,106.593,11.227,80.51,0.0,0.0,0.0
2015-12-20,0.0,273.824,101.276,165.415,0.0,108.409,10.653,82.36399999999998,0.0,0.0,0.0
2015-12-21,0.0,276.623,101.194,166.43900000000005,0.0,110.184,9.348,84.15899999999998,0.0,0.0,0.0
2015-12-22,0.0,279.23,101.118,167.378,0.0,111.851,9.951,85.81200000000003,0.0,0.0,0.0
2015-12-23,0.0,281.643,101.049,168.202,0.0,113.44,9.291,87.736,0.0,0.0,0.0
2015-12-24,0.0,283.953,100.983,168.967,0.0,114.986,9.738,89.37200000000001,0.0,0.0,0.0
2015-12-25,0.0,286.075,100.924,169.666,0.0,116.409,9.046,90.803,0.0,0.0,0.0
2015-12-26,0.0,288.108,100.869,170.345,0.0,117.762,9.496,92.16,0.0,0.0,0.0
2015-12-27,0.0,289.947,100.816,170.884,0.0,119.063,7.813,93.447,0.0,0.0,0.0
2015-12-28,0.0,291.552,100.766,171.392,0.0,120.161,9.041,94.579,0.0,0.0,0.0
2015-12-29,0.0,292.9890000000001,100.719,171.81799999999996,0.0,121.171,9.556,95.583,0.0,0.0,0.0
2015-12-30,0.0,294.821,100.677,172.322,0.0,122.499,10.405,96.899,0.0,0.0,0.0
2015-12-31,0.0,295.862,100.635,172.69400000000005,0.0,123.168,9.491,97.569,0.0,0.0,0.0
2016-01-01,0.0,296.916,100.595,172.981,0.0,123.936,8.648,98.351,0.0,0.0,0.0
2016-01-02,0.0,298.101,100.559,173.392,0.0,124.709,8.65,99.054,0.0,0.0,0.0
2016-01-03,0.0,299.247,100.525,173.74599999999995,0.00225,125.501,4.81,93.938,0.0,0.0,0.0
2016-01-04,14.34,284.269,106.16,242.973,26.60707,41.295,25.043000000000006,24.841,83.0,13437.0,203.0
2016-01-05,24.0,277.916,107.549,250.456,49.8778,27.459,51.21,13.166,33.0,5277.0,843.0
2016-01-06,24.0,264.79200000000003,108.06,239.252,57.80311,25.539,77.967,9.769,94.0,15282.0,1466.0
2016-01-07,24.0,255.156,108.18,228.293,57.47243,26.863000000000003,79.187,11.103,165.0,26623.0,1413.0
2016-01-08,24.0,249.944,108.173,220.727,54.51911,29.217,76.908,13.467,194.0,31122.0,1122.0
2016-01-09,24.0,246.178,108.149,215.683,53.01709,30.495,74.297,14.755999999999998,206.0,32916.0,970.0
2016-01-10,24.0,244.588,108.072,214.33900000000003,52.21067,30.25,69.109,14.515999999999998,187.0,30049.0,811.0
2016-01-11,24.0,243.198,108.032,213.862,51.28629,29.337,66.237,13.616,170.0,27228.0,734.0
2016-01-12,24.0,242.526,108.001,214.203,51.57828,28.323,68.369,12.607,157.0,24965.0,685.0
2016-01-13,23.5,240.05900000000003,108.072,211.83,52.31771,28.228,71.199,13.067,233.0,37109.0,846.0
2016-01-14,24.0,236.321,108.12,206.539,52.69473000000001,29.782,71.279,14.093,258.0,39859.0,871.0
2016-01-15,24.0,235.445,108.055,207.149,52.14367,28.295,68.107,12.614,200.0,31091.0,727.0
2016-01-16,24.0,234.172,108.048,206.74,52.30153,27.432,70.527,11.753,199.0,30912.0,695.0
2016-01-17,24.0,233.165,108.034,206.49400000000003,52.33153,26.671,70.704,11.0,197.0,30602.0,672.0
2016-01-18,24.0,231.726,108.056,205.18,52.80911,26.546,69.806,10.865,198.0,30751.0,704.0
2016-01-19,24.0,229.56,108.108,202.688,53.83306,26.872,73.306,11.185,258.0,40020.0,781.0
2016-01-20,13.84,227.722,107.987,201.34,33.37632,26.382,69.343,10.606,151.0,24432.0,493.0
2016-01-21,0.0,239.764,104.328,198.185,0.0,41.578,11.201,14.745,0.0,0.0,0.0
2016-01-22,0.0,245.023,103.264,200.601,0.0,44.422,7.883999999999999,17.049,0.0,0.0,0.0
2016-01-23,0.0,249.503,102.554,198.628,0.0,50.875,9.47,24.72,0.0,0.0,0.0
2016-01-24,0.0,253.687,101.965,190.273,0.0,63.414,9.575,37.764,0.0,0.0,0.0
2016-01-25,0.0,257.35400000000004,101.651,182.53,0.0,74.824,10.425999999999998,52.108,0.0,0.0,0.0
2016-01-26,0.0,260.629,101.452,178.38099999999997,0.0,82.24799999999998,9.001,57.776,0.0,0.0,0.0
2016-01-27,0.0,263.605,101.301,173.767,0.0,89.839,11.0,74.288,0.0,0.0,0.0
2016-01-28,0.0,266.36,101.177,170.21,0.0,96.15,9.225,80.593,0.0,0.0,0.0
2016-01-29,0.0,269.399,101.122,167.72299999999996,0.0,101.676,8.931000000000003,86.119,0.0,0.0,0.0
2016-01-30,0.0,275.576,101.191,169.15,0.0,106.426,6.407,90.868,0.0,0.0,0.0
2016-01-31,0.0,281.125,101.136,170.893,0.0,110.232,8.158,94.682,0.0,0.0,0.0
2016-02-01,0.0,285.146,101.067,172.013,0.0,113.133,8.65,97.582,0.0,0.0,0.0
2016-02-02,0.0,287.7920000000001,101.001,172.785,0.0,115.007,8.49,99.446,0.0,0.0,0.0
2016-02-03,0.0,290.309,100.941,173.53,0.0,116.78,9.142,101.242,0.0,0.0,0.0
2016-02-04,0.0,292.635,100.882,174.179,0.0,118.456,8.927,102.721,0.0,0.0,0.0
2016-02-05,0.0,294.36,100.826,174.59400000000005,0.0,119.767,8.523,102.891,0.0,0.0,0.0
2016-02-06,22.08,282.771,105.032,233.973,40.32657,48.798,17.865,27.943,66.0,10185.0,203.0
2016-02-07,24.0,272.324,107.662,248.423,53.38168,23.901,48.52,8.207,52.0,8288.0,991.0
2016-02-08,24.0,265.138,107.898,240.191,54.21946,24.947,68.167,9.213,73.0,11560.0,1062.0
2016-02-09,24.0,258.254,108.056,230.123,54.16731,28.131,72.829,12.388,119.0,18957.0,1057.0
2016-02-10,24.0,251.451,108.149,220.047,54.14206,31.404,78.309,15.645,207.0,32150.0,1108.0
2016-02-11,24.0,245.655,108.18,212.44,54.17009,33.216,77.275,17.429000000000002,210.0,32735.0,1087.0
2016-02-12,24.0,241.08,108.156,207.775,53.73642,33.304,74.487,17.287,308.0,47812.0,938.0
2016-02-13,24.0,239.048,108.07,207.382,52.60856,31.666,72.97399999999998,15.688,293.0,45604.0,791.0
2016-02-14,24.0,236.79,108.058,206.324,52.71173,30.466,72.495,14.498,241.0,37810.0,763.0
2016-02-15,24.0,234.79,108.041,205.395,52.63981999999999,29.395,71.67699999999998,13.453,240.0,37455.0,759.0
2016-02-16,24.0,233.138,108.023,204.575,52.64716,28.563,61.753,12.626,237.0,37227.0,756.0
2016-02-17,24.0,231.651,108.01,203.594,52.61857,28.057,60.883,12.115,237.0,36908.0,748.0
2016-02-18,24.0,230.407,107.995,202.93,52.6041,27.477,68.712,11.541,232.0,36516.0,744.0
2016-02-19,24.0,229.33,107.983,202.43400000000003,52.61605,26.896,60.635,10.959,298.0,46879.0,657.0
2016-02-20,24.0,228.535,107.969,202.372,52.5706,26.163,64.998,10.249,308.0,47840.0,669.0
2016-02-21,24.0,227.423,108.0,201.224,53.22883,26.199,67.60600000000001,10.327,297.0,47177.0,682.0
2016-02-22,24.0,225.843,108.018,199.948,53.59606,25.895,70.942,9.923,305.0,48861.0,707.0
2016-02-23,24.0,225.188,108.002,200.21400000000003,53.54758,24.974,69.881,9.028,304.0,48622.0,713.0
2016-02-24,24.0,224.603,108.021,199.885,54.27181,24.717,70.605,8.759,327.0,52070.0,717.0
2016-02-25,24.0,222.382,108.081,196.968,54.97036,25.414,72.953,9.411,338.0,53576.0,741.0
2016-02-26,5.66,223.456,107.812,204.625,15.77039,18.831,62.426,3.705,25.0,4018.0,52.0
2016-02-27,0.0,237.501,103.916,195.652,0.0,41.85,10.39,26.305,0.0,0.0,0.0
2016-02-28,0.75,241.89,104.422,225.8,2.62843,16.09,13.928,7.981,1.0,89.0,1.0
2016-02-29,0.0,247.975,102.889,228.34,0.24178,19.635,7.939,4.097,0.0,0.0,0.0
2016-03-01,0.0,252.878,102.44,228.156,0.27123,24.722,6.604,9.231,0.0,0.0,0.0
2016-03-02,0.0,257.126,101.927,221.5,0.25388,35.62699999999999,8.772,20.058,0.0,0.0,0.0
2016-03-03,0.0,260.85200000000003,101.479,205.874,0.24661,54.979,10.836,39.422,0.0,0.0,0.0
2016-03-04,0.0,264.262,101.322,195.286,0.23401,68.976,9.747,53.417,0.0,0.0,0.0
2016-03-05,0.0,267.415,101.21,188.308,0.22292,79.107,9.045,63.548,0.0,0.0,0.0
2016-03-06,0.0,270.324,101.117,184.876,0.20748,85.448,8.18,69.929,0.0,0.0,0.0
2016-03-07,0.0,273.018,100.998,268.284,0.20585,4.734,9.066,1.324,0.0,0.0,0.0
2016-03-08,0.0,275.425,100.797,267.081,0.20531,8.345,14.737,7.149,0.0,0.0,0.0
2016-03-09,0.0,277.748,100.792,222.885,0.19944,54.862,7.893,53.506,0.0,0.0,0.0
2016-03-10,0.0,279.67900000000003,100.883,193.622,0.19608,86.057,8.399,84.564,0.0,0.0,0.0
2016-03-11,0.0,281.272,100.859,189.419,0.1936,91.853,7.555,90.226,0.0,0.0,0.0
2016-03-12,0.0,285.42,100.9,188.487,0.18534,96.934,7.279,95.173,0.0,0.0,0.0
2016-03-13,0.0,290.391,100.876,189.124,0.19916,101.266,7.546,99.373,0.0,0.0,0.0
2016-03-14,0.0,294.401,100.838,189.639,0.21273,104.762,9.671,102.702,0.0,0.0,0.0
2016-03-15,0.0,297.501,100.798,190.036,0.18889,107.465,11.253,105.24,0.0,0.0,0.0
2016-03-16,0.0,299.722,100.756,190.312,0.18592,109.41,11.268,107.028,0.0,0.0,0.0
2016-03-17,21.76,289.08,105.43,241.516,39.20017,47.56399999999999,24.626,27.178,50.0,8087.0,764.0
2016-03-18,24.0,281.178,107.557,253.264,49.50087,27.914,57.584,12.344,38.0,6203.0,844.0
2016-03-19,24.0,275.321,107.799,248.431,51.16093,26.89,61.414,11.25,64.0,10455.0,931.0
2016-03-20,24.0,270.345,107.895,241.731,51.05473,28.614,70.084,12.965,82.0,13263.0,858.0
2016-03-21,24.0,265.651,107.976,234.772,51.04213,30.879,71.747,15.198,109.0,17787.0,919.0
2016-03-22,24.0,260.901,108.056,228.736,51.69107,32.165,73.865,16.475,189.0,30603.0,985.0
2016-03-23,24.0,255.506,108.126,221.918,52.67783000000001,33.587,74.748,17.495,244.0,39160.0,976.0
2016-03-24,24.0,250.393,108.149,216.011,52.94943000000001,34.382,68.641,18.073,247.0,40029.0,983.0
2016-03-25,24.0,246.173,108.138,211.993,52.93515,34.18,72.985,17.986,248.0,40440.0,936.0
2016-03-26,24.0,241.959,108.15,208.721,53.88786,33.238,68.793,17.028,265.0,43614.0,913.0
2016-03-27,23.0,238.132,108.139,206.27,54.10047,31.862,67.324,15.658,253.0,42108.0,872.0
2016-03-28,24.0,235.061,108.125,204.563,54.32924000000001,30.498,73.935,14.288,272.0,44973.0,882.0
2016-03-29,24.0,231.524,108.13,202.044,54.76382,29.48,76.35300000000002,13.28,276.0,45176.0,894.0
2016-03-30,24.0,228.853,108.106,200.457,54.74367,28.396,74.63,12.212,293.0,48067.0,833.0
2016-03-31,24.0,226.555,108.091,198.965,54.69002,27.59,74.726,11.86,287.0,46865.0,821.0
2016-04-01,24.0,224.568,108.074,197.511,54.770480000000006,27.057,67.334,11.375,299.0,48700.0,794.0
2016-04-02,24.0,223.012,108.058,196.629,54.68774000000001,26.383000000000006,69.559,10.681,285.0,46880.0,766.0
2016-04-03,24.0,221.813,108.044,196.133,54.72411,25.681,72.502,9.91,280.0,45843.0,748.0
2016-04-04,24.0,220.78,108.042,195.665,55.06795,25.115,71.75,9.197,282.0,45801.0,797.0
2016-04-05,24.0,218.752,108.078,193.411,55.99813,25.341,72.218,9.101,317.0,51991.0,793.0
2016-04-06,20.82,218.438,107.857,192.83,45.14344000000001,25.608,66.568,9.83,208.0,34998.0,542.0
2016-04-07,0.0,228.199,104.819,191.137,0.0,37.062,19.72,14.37,0.0,0.0,0.0
2016-04-08,0.0,234.98,103.628,224.16,0.71281,10.82,7.476,4.9030000000000005,0.0,0.0,0.0
2016-04-09,0.0,239.915,103.032,237.096,0.7791100000000001,2.82,2.0780000000000003,3.856,0.0,0.0,0.0
2016-04-10,0.0,244.889,102.628,236.223,0.0,8.666,6.893,0.068,0.0,0.0,0.0
2016-04-11,0.0,249.408,102.132,241.948,0.0,7.46,9.14,0.216,0.0,0.0,0.0
2016-04-12,0.0,253.41,101.72,246.965,0.0,6.445,10.011,0.784,0.0,0.0,0.0
2016-04-13,0.0,256.99,101.509,249.882,0.0,7.107,10.237,0.496,0.0,0.0,0.0
2016-04-14,0.0,260.284,101.372,252.512,0.0,7.772,11.299,0.249,0.0,0.0,0.0
2016-04-15,0.0,263.327,101.269,255.063,0.0,8.263,10.54,0.077,0.0,0.0,0.0
2016-04-16,0.0,266.148,101.17,257.473,0.0,8.675,10.079,0.068,0.0,0.0,0.0
2016-04-17,0.0,270.268,101.198,263.77,0.0,6.497999999999998,9.802,2.645,0.0,0.0,0.0
2016-04-18,0.0,276.869,101.231,263.155,0.0,13.714,11.742,4.12,0.0,0.0,0.0
2016-04-19,0.0,282.105,101.178,273.53,0.26519,8.576,10.119,1.866,0.0,0.0,0.0
2016-04-20,0.0,285.096,101.131,266.816,0.0,18.28,9.872,7.414,0.0,0.0,0.0
2016-04-21,0.0,0.0,0.0,0.0,0.0,0.0,0.0,0.0,0.0,0.0,0.0
